{
  "properties": {
    "connectionReferences": {
      "shared_commondataserviceforapps": {
        "runtimeSource": "embedded",
        "connection": {
          "connectionReferenceLogicalName": "ya_sharedcommondataserviceforapps_d295d"
        },
        "api": {
          "name": "shared_commondataserviceforapps"
        }
      }
    },
    "definition": {
      "$schema": "https://schema.management.azure.com/providers/Microsoft.Logic/schemas/2016-06-01/workflowdefinition.json#",
      "contentVersion": "1.0.0.0",
      "parameters": {
        "$connections": {
          "defaultValue": {},
          "type": "Object"
        },
        "$authentication": {
          "defaultValue": {},
          "type": "SecureObject"
        }
      },
      "triggers": {
        "行が追加、変更、または削除された場合": {
          "metadata": {
            "operationMetadataId": "f5180f9f-6dc7-4d81-a17c-693f487113c5"
          },
          "type": "OpenApiConnectionWebhook",
          "inputs": {
            "host": {
              "connectionName": "shared_commondataserviceforapps",
              "operationId": "SubscribeWebhookTrigger",
              "apiId": "/providers/Microsoft.PowerApps/apis/shared_commondataserviceforapps"
            },
            "parameters": {
              "subscriptionRequest/message": 1,
              "subscriptionRequest/entityname": "ya_issuedpassword",
              "subscriptionRequest/scope": 4
            },
            "authentication": "@parameters('$authentication')"
          }
        }
      },
      "actions": {
        "変数対象文字種を初期化する": {
          "runAfter": {
            "変数パスワードの長さを初期化する": [
              "Succeeded"
            ]
          },
          "metadata": {
            "operationMetadataId": "3aeadf91-14bc-41c3-833c-e68417229d1b"
          },
          "type": "InitializeVariable",
          "inputs": {
            "variables": [
              {
                "name": "対象文字種",
                "type": "array",
                "value": [
                  "a",
                  "b",
                  "c",
                  "d",
                  "e",
                  "f",
                  "g",
                  "h",
                  "i",
                  "j",
                  "k",
                  "l",
                  "m",
                  "n",
                  "o",
                  "p",
                  "q",
                  "r",
                  "s",
                  "t",
                  "u",
                  "v",
                  "w",
                  "x",
                  "y",
                  "z",
                  "A",
                  "B",
                  "C",
                  "D",
                  "E",
                  "F",
                  "G",
                  "H",
                  "I",
                  "J",
                  "K",
                  "L",
                  "M",
                  "N",
                  "O",
                  "P",
                  "Q",
                  "R",
                  "S",
                  "T",
                  "U",
                  "V",
                  "W",
                  "X",
                  "Y",
                  "Z",
                  "0",
                  "1",
                  "2",
                  "3",
                  "4",
                  "5",
                  "6",
                  "7",
                  "8",
                  "9",
                  "!",
                  "\"",
                  "#",
                  "$",
                  "%",
                  "&",
                  "'",
                  "(",
                  ")",
                  "-",
                  "=",
                  "^",
                  "~",
                  "\\",
                  "|",
                  "@",
                  "`",
                  "[",
                  "{",
                  "]",
                  "}",
                  ",",
                  "<",
                  ".",
                  ">",
                  "/",
                  "?",
                  "_",
                  " "
                ]
              }
            ]
          }
        },
        "文字種数": {
          "runAfter": {
            "変数対象文字種を初期化する": [
              "Succeeded"
            ]
          },
          "metadata": {
            "operationMetadataId": "88f239be-f2f8-4b2b-b716-635e14d70d7c"
          },
          "type": "Compose",
          "inputs": "@length(variables('対象文字種'))"
        },
        "変数パスワードの長さを初期化する": {
          "runAfter": {},
          "metadata": {
            "operationMetadataId": "e33c8ff2-5a0a-4e2f-924f-62f335a23fc7"
          },
          "type": "InitializeVariable",
          "inputs": {
            "variables": [
              {
                "name": "パスワードの長さ",
                "type": "integer",
                "value": 20
              }
            ]
          }
        },
        "変数生成結果を初期化する": {
          "runAfter": {
            "文字種数": [
              "Succeeded"
            ]
          },
          "metadata": {
            "operationMetadataId": "c6984b8a-776c-4957-858b-57255457fecf"
          },
          "type": "InitializeVariable",
          "inputs": {
            "variables": [
              {
                "name": "生成結果",
                "type": "string"
              }
            ]
          }
        },
        "Do_until": {
          "actions": {
            "文字列変数に追加": {
              "runAfter": {},
              "metadata": {
                "operationMetadataId": "48cb716f-d38c-4264-8a9d-e38652e9eabb"
              },
              "type": "AppendToStringVariable",
              "inputs": {
                "name": "生成結果",
                "value": "@variables('対象文字種')[rand(0,outputs('文字種数'))]"
              },
              "description": "variables('対象文字種')[rand(0,outputs('文字種数'))]"
            }
          },
          "runAfter": {
            "変数生成結果を初期化する": [
              "Succeeded"
            ]
          },
          "expression": "@equals(length(variables('生成結果')), variables('パスワードの長さ'))",
          "limit": {
            "count": 60,
            "timeout": "PT1H"
          },
          "metadata": {
            "operationMetadataId": "a4725a6b-5924-4abc-a1e2-da308e1317fe"
          },
          "type": "Until",
          "description": "length(variables('生成結果'))"
        },
        "行を更新する": {
          "runAfter": {
            "Do_until": [
              "Succeeded"
            ]
          },
          "metadata": {
            "operationMetadataId": "6ee807ad-b899-4fcd-a343-a3d2415322cc"
          },
          "type": "OpenApiConnection",
          "inputs": {
            "host": {
              "connectionName": "shared_commondataserviceforapps",
              "operationId": "UpdateRecord",
              "apiId": "/providers/Microsoft.PowerApps/apis/shared_commondataserviceforapps"
            },
            "parameters": {
              "entityName": "ya_issuedpasswords",
              "recordId": "@triggerOutputs()?['body/ya_issuedpasswordid']",
              "item/ya_password": "@variables('生成結果')"
            },
            "authentication": "@parameters('$authentication')"
          }
        }
      }
    },
    "templateName": null
  },
  "schemaVersion": "1.0.0.0"
}